<Assembled name="WurmBoss" tag="Enemy">
  <Transform>
    <Scale x="1.0" y="1.0" z="1.0"/>
  </Transform>
  <Components>
    <IKComponent drag_speed="1" rotation="0.0" frozen="false" Iteration="0">
      <IKInstance name="WurmClaw" length="1.5"/>
      <IKInstance name="WurmClaw" length="1.5"/>
      <IKInstance name="WurmClaw" length="1.5"/>
      <IKInstance name="WurmClaw" length="1.5"/>
      <IKInstance name="WurmClaw" length="1.5"/>
      <IKInstance name="WurmClaw" length="1.5"/>
      <IKInstance name="WurmClaw" length="1.5"/>
      <IKInstance name="WurmClaw" length="1.5"/>
      <IKInstance name="WurmClaw" length="1.5"/>
      <IKInstance name="WurmClaw" length="1.5"/>
      <IKInstance name="WurmClaw" length="5"/>
      <IKInstance name="WurmCarrier" length="1.5"/>
      <IKInstance name="WurmClaw" length="1.5"/>
      <IKInstance name="WurmClaw" length="1.5"/>
      <IKInstance name="WurmClaw" length="1.5"/>
      <IKInstance name="WurmClaw" length="1.5"/>
      <IKInstance name="WurmHead" length="1.5"/>
      <IKInstance name="IKEmpty" length="0"/>
    </IKComponent>
    <Health Value="20" />
    <BehaviorTree type="WurmBossAI"/>
  </Components>
</Assembled>